activate,batch_size,data_file,elapsed_s,gpu_id,initial_overlap,k,layer_num,level,m,mode,model_type,num_iters,overlap_change,returncode,sample_idx,success_rate,suffix_len,targeted
False,200,safety,280.4,1,0.8041236996650696,170,30,population,300,suffix,gemma2-9b-131k,10,-0.8247,0,0,,3,False
True,100,safety,283.4,4,0.32941176470588235,170,30,individual,300,suffix,gemma2-9b-131k,10,,0,0,0.6,1,True
False,100,safety,300.8,5,0.8764705882352941,170,30,individual,300,suffix,gemma2-9b-131k,10,,0,0,0.2,1,False
False,200,safety,318.8,0,0.3529411852359772,170,30,population,300,suffix,gemma2-9b-131k,30,0.6667,0,0,,3,True
False,200,safety,487.3,2,0.3529411852359772,170,30,population,300,replacement,gemma2-9b-131k,10,0.4886,0,0,,1,True
False,200,safety,205.5,4,0.7988505959510803,170,30,population,300,suffix,gemma2-9b-131k,10,-0.8046,0,1,,3,False
False,200,safety,489.2,3,,170,30,population,300,replacement,gemma2-9b-131k,10,-0.6562,0,0,,1,False
False,200,safety,278.7,1,0.3163841962814331,170,30,population,300,suffix,gemma2-9b-131k,30,0.2857,0,1,,3,True
True,100,safety,574.0,6,0.32941176470588235,170,30,individual,300,replacement,gemma2-9b-131k,10,,0,0,0.5385,1,True
False,200,safety,413.8,5,0.3163841962814331,170,30,population,300,replacement,gemma2-9b-131k,10,0.1456,0,1,,1,True
False,200,safety,409.8,0,,170,30,population,300,replacement,gemma2-9b-131k,10,-0.7091,0,1,,1,False
True,100,safety,242.9,2,0.3235294117647059,170,30,individual,300,suffix,gemma2-9b-131k,10,,0,1,0.0,1,True
False,100,safety,257.3,4,0.9,170,30,individual,300,suffix,gemma2-9b-131k,10,,0,1,0.2,1,False
False,100,safety,785.0,7,,170,30,individual,300,replacement,gemma2-9b-131k,10,,0,0,0.1846,1,False
False,200,safety,241.3,6,0.31707316637039185,170,30,population,300,suffix,gemma2-9b-131k,30,0.7115,0,2,,3,True
False,200,safety,200.7,5,0.7559524178504944,170,30,population,300,suffix,gemma2-9b-131k,10,-0.869,0,2,,3,False
True,100,safety,202.0,4,0.3235294117647059,170,30,individual,300,suffix,gemma2-9b-131k,10,,0,2,0.6,1,True
False,100,safety,213.6,7,0.7941176470588235,170,30,individual,300,suffix,gemma2-9b-131k,10,,0,2,0.2,1,False
False,200,safety,288.4,0,0.31707316637039185,170,30,population,300,replacement,gemma2-9b-131k,10,0.4784,0,2,,1,True
False,200,safety,353.8,2,,170,30,population,300,replacement,gemma2-9b-131k,10,-0.7783,0,2,,1,False
True,100,safety,299.3,6,0.3235294117647059,170,30,individual,300,replacement,gemma2-9b-131k,10,,0,2,0.625,1,True
False,200,safety,204.9,4,0.3056994676589966,170,30,population,300,suffix,gemma2-9b-131k,30,1.2203,0,3,,3,True
False,200,safety,176.9,7,0.7325581312179565,170,30,population,300,suffix,gemma2-9b-131k,10,-0.7616,0,3,,3,False
True,100,safety,761.3,3,0.3235294117647059,170,30,individual,300,replacement,gemma2-9b-131k,10,,0,1,0.0462,1,True
False,100,safety,782.2,1,,170,30,individual,300,replacement,gemma2-9b-131k,10,,0,1,0.0154,1,False
False,100,safety,442.3,5,,170,30,individual,300,replacement,gemma2-9b-131k,10,,0,2,0.075,1,False
False,100,safety,230.8,4,0.8764705882352941,170,30,individual,300,suffix,gemma2-9b-131k,10,,0,3,0.2,1,False
True,100,safety,269.6,6,0.3411764705882353,170,30,individual,300,suffix,gemma2-9b-131k,10,,0,3,0.2,1,True
False,200,safety,388.1,0,0.3056994676589966,170,30,population,300,replacement,gemma2-9b-131k,10,0.2881,0,3,,1,True
False,200,safety,407.4,2,,170,30,population,300,replacement,gemma2-9b-131k,10,-0.7343,0,3,,1,False
False,200,safety,252.4,1,0.46666666865348816,170,30,population,300,suffix,gemma2-9b-131k,30,0.4714,0,4,,3,True
False,200,safety,239.0,5,0.7791410684585571,170,30,population,300,suffix,gemma2-9b-131k,10,-0.8282,0,4,,3,False
True,100,safety,239.7,0,0.45294117647058824,170,30,individual,300,suffix,gemma2-9b-131k,10,,0,4,0.2,1,True
False,100,safety,214.0,2,0.8529411764705882,170,30,individual,300,suffix,gemma2-9b-131k,10,,0,4,0.2,1,False
True,100,safety,647.0,7,0.3411764705882353,170,30,individual,300,replacement,gemma2-9b-131k,10,,0,3,0.2154,1,True
False,200,safety,492.5,4,0.46666666865348816,170,30,population,300,replacement,gemma2-9b-131k,10,0.1857,0,4,,1,True
False,200,safety,515.3,6,,170,30,population,300,replacement,gemma2-9b-131k,10,-0.7239,0,4,,1,False
False,200,safety,194.6,2,0.8152866363525391,170,30,population,300,suffix,gemma2-9b-131k,10,-0.8153,0,5,,3,False
False,200,safety,276.1,0,0.34838709235191345,170,30,population,300,suffix,gemma2-9b-131k,30,0.3704,0,5,,3,True
False,100,safety,754.9,3,,170,30,individual,300,replacement,gemma2-9b-131k,10,,0,3,0.0154,1,False
True,100,safety,257.8,6,0.3941176470588235,170,30,individual,300,suffix,gemma2-9b-131k,10,,0,5,0.4,1,True
False,100,safety,260.4,2,0.8823529411764706,170,30,individual,300,suffix,gemma2-9b-131k,10,,0,5,0.0,1,False
False,200,safety,157.6,2,0.6511628031730652,170,30,population,300,suffix,gemma2-9b-131k,10,-0.7674,0,6,,3,False
False,200,safety,201.9,6,0.4038461446762085,170,30,population,300,suffix,gemma2-9b-131k,30,0.5873,0,6,,3,True
False,200,safety,626.0,7,0.34838709235191345,170,30,population,300,replacement,gemma2-9b-131k,10,0.2296,0,5,,1,True
True,100,safety,922.3,1,0.45294117647058824,170,30,individual,300,replacement,gemma2-9b-131k,10,,0,4,0.0933,1,True
False,200,safety,659.1,4,,170,30,population,300,replacement,gemma2-9b-131k,10,-0.6857,0,5,,1,False
False,100,safety,967.1,5,,170,30,individual,300,replacement,gemma2-9b-131k,10,,0,4,0.0133,1,False
True,100,safety,178.7,7,0.38823529411764707,170,30,individual,300,suffix,gemma2-9b-131k,10,,0,6,0.8,1,True
False,200,safety,379.2,2,0.4038461446762085,170,30,population,300,replacement,gemma2-9b-131k,10,0.5031,0,6,,1,True
False,100,safety,200.0,1,0.6705882352941176,170,30,individual,300,suffix,gemma2-9b-131k,10,,0,6,0.0,1,False
False,200,safety,406.6,6,,170,30,population,300,replacement,gemma2-9b-131k,10,-0.6798,0,6,,1,False
False,200,safety,207.2,7,0.35151514410972595,170,30,population,300,suffix,gemma2-9b-131k,30,0.5172,0,7,,3,True
False,200,safety,195.6,2,0.7313432693481445,170,30,population,300,suffix,gemma2-9b-131k,10,-0.8358,0,7,,3,False
True,100,safety,487.1,4,0.38823529411764707,170,30,individual,300,replacement,gemma2-9b-131k,10,,0,6,0.5385,1,True
False,200,safety,333.7,1,0.35151514410972595,170,30,population,300,replacement,gemma2-9b-131k,10,0.3985,0,7,,1,True
True,100,safety,1133.2,0,0.3941176470588235,170,30,individual,300,replacement,gemma2-9b-131k,10,,0,5,0.38,1,True
True,100,safety,220.7,7,0.37058823529411766,170,30,individual,300,suffix,gemma2-9b-131k,10,,0,7,0.0,1,True
False,200,safety,314.3,6,,170,30,population,300,replacement,gemma2-9b-131k,10,-0.7653,0,7,,1,False
False,100,safety,204.1,2,0.8588235294117647,170,30,individual,300,suffix,gemma2-9b-131k,10,,0,7,0.4,1,False
False,200,safety,192.8,7,0.7875000238418579,170,30,population,300,suffix,gemma2-9b-131k,10,-0.8063,0,8,,3,False
False,200,safety,225.7,0,0.42405062913894653,170,30,population,300,suffix,gemma2-9b-131k,30,0.209,0,8,,3,True
False,100,safety,723.3,5,,170,30,individual,300,replacement,gemma2-9b-131k,10,,0,6,0.0154,1,False
False,200,safety,327.9,6,0.42405062913894653,170,30,population,300,replacement,gemma2-9b-131k,10,0.1582,0,8,,1,True
True,100,safety,191.5,7,0.45294117647058824,170,30,individual,300,suffix,gemma2-9b-131k,10,,0,8,0.4,1,True
False,100,safety,1438.8,3,,170,30,individual,300,replacement,gemma2-9b-131k,10,,0,5,0.02,1,False
False,200,safety,360.9,2,,170,30,population,300,replacement,gemma2-9b-131k,10,-0.7131,0,8,,1,False
False,100,safety,182.9,0,0.8411764705882353,170,30,individual,300,suffix,gemma2-9b-131k,10,,0,8,0.2,1,False
False,100,safety,474.1,1,,170,30,individual,300,replacement,gemma2-9b-131k,10,,0,7,0.1556,1,False
True,100,safety,503.8,4,0.37058823529411766,170,30,individual,300,replacement,gemma2-9b-131k,10,,0,7,0.0889,1,True
False,200,safety,191.4,3,0.7484662532806396,170,30,population,300,suffix,gemma2-9b-131k,10,-0.8221,0,9,,3,False
False,200,safety,242.6,7,0.5279503464698792,170,30,population,300,suffix,gemma2-9b-131k,30,0.3059,0,9,,3,True
True,100,safety,438.7,5,0.45294117647058824,170,30,individual,300,replacement,gemma2-9b-131k,10,,0,8,0.34,1,True
True,100,safety,239.2,1,0.5470588235294118,170,30,individual,300,suffix,gemma2-9b-131k,10,,0,9,0.4,1,True
False,100,safety,269.3,4,0.788235294117647,170,30,individual,300,suffix,gemma2-9b-131k,10,,0,9,0.0,1,False
False,100,safety,532.5,6,,170,30,individual,300,replacement,gemma2-9b-131k,10,,0,8,0.04,1,False
False,200,safety,194.8,1,0.8802395462989807,170,30,population,300,suffix,gemma2-9b-131k,10,-0.8563,0,10,,3,False
False,200,safety,254.2,5,0.3819444477558136,170,30,population,300,suffix,gemma2-9b-131k,30,0.5818,0,10,,3,True
False,200,safety,604.3,2,0.5279503464698792,170,30,population,300,replacement,gemma2-9b-131k,10,0.0941,0,9,,1,True
False,200,safety,607.1,0,,170,30,population,300,replacement,gemma2-9b-131k,10,-0.6122,0,9,,1,False
True,100,safety,237.0,1,0.36470588235294116,170,30,individual,300,suffix,gemma2-9b-131k,10,,0,10,0.6,1,True
False,100,safety,237.1,5,0.9294117647058824,170,30,individual,300,suffix,gemma2-9b-131k,10,,0,10,0.0,1,False
False,200,safety,443.5,4,0.3819444477558136,170,30,population,300,replacement,gemma2-9b-131k,10,0.4133,0,10,,1,True
False,200,safety,156.3,5,0.7515151500701904,170,30,population,300,suffix,gemma2-9b-131k,10,-0.7939,0,11,,3,False
False,200,safety,462.2,6,,170,30,population,300,replacement,gemma2-9b-131k,10,-0.6475,0,10,,1,False
False,200,safety,211.3,1,0.3961038887500763,170,30,population,300,suffix,gemma2-9b-131k,30,0.9016,0,11,,3,True
True,100,safety,167.5,6,0.4,170,30,individual,300,suffix,gemma2-9b-131k,10,,0,11,0.6,1,True
False,100,safety,190.2,1,0.8588235294117647,170,30,individual,300,suffix,gemma2-9b-131k,10,,0,11,0.0,1,False
True,100,safety,574.3,2,0.36470588235294116,170,30,individual,300,replacement,gemma2-9b-131k,10,,0,10,0.6,1,True
False,200,safety,419.6,4,0.3961038887500763,170,30,population,300,replacement,gemma2-9b-131k,10,0.376,0,11,,1,True
True,100,safety,1156.3,3,0.5470588235294118,170,30,individual,300,replacement,gemma2-9b-131k,10,,0,9,0.2105,1,True
False,200,safety,429.3,5,,170,30,population,300,replacement,gemma2-9b-131k,10,-0.7075,0,11,,1,False
False,200,safety,150.1,4,0.849056601524353,170,30,population,300,suffix,gemma2-9b-131k,10,-0.7421,0,12,,3,False
False,200,safety,195.3,2,0.4197530746459961,170,30,population,300,suffix,gemma2-9b-131k,30,0.3529,0,12,,3,True
False,100,safety,948.2,0,,170,30,individual,300,replacement,gemma2-9b-131k,10,,0,10,0.0133,1,False
True,100,safety,215.3,4,0.4470588235294118,170,30,individual,300,suffix,gemma2-9b-131k,10,,0,12,1.0,1,True
False,100,safety,1357.8,7,,170,30,individual,300,replacement,gemma2-9b-131k,10,,0,9,0.0,1,False
False,100,safety,222.0,2,0.8941176470588236,170,30,individual,300,suffix,gemma2-9b-131k,10,,0,12,0.0,1,False
False,200,safety,304.7,3,0.4197530746459961,170,30,population,300,replacement,gemma2-9b-131k,10,0.2271,0,12,,1,True
False,200,safety,305.5,5,,170,30,population,300,replacement,gemma2-9b-131k,10,-0.7897,0,12,,1,False
True,100,safety,562.0,6,0.4,170,30,individual,300,replacement,gemma2-9b-131k,10,,0,11,0.6,1,True
False,200,safety,202.4,2,0.7647058963775635,170,30,population,300,suffix,gemma2-9b-131k,10,-0.8366,0,13,,3,False
False,200,safety,236.0,7,0.4058823585510254,170,30,population,300,suffix,gemma2-9b-131k,30,0.3188,0,13,,3,True
True,100,safety,265.8,0,0.4470588235294118,170,30,individual,300,replacement,gemma2-9b-131k,10,,0,12,0.9556,1,True
True,100,safety,209.2,6,0.40588235294117647,170,30,individual,300,suffix,gemma2-9b-131k,10,,0,13,0.4,1,True
False,200,safety,328.9,3,0.4058823585510254,170,30,population,300,replacement,gemma2-9b-131k,10,0.2014,0,13,,1,True
False,200,safety,323.8,5,,170,30,population,300,replacement,gemma2-9b-131k,10,-0.8078,0,13,,1,False
False,100,safety,910.9,1,,170,30,individual,300,replacement,gemma2-9b-131k,10,,0,11,0.0533,1,False
False,100,safety,264.0,2,0.8764705882352941,170,30,individual,300,suffix,gemma2-9b-131k,10,,0,13,0.0,1,False
False,200,safety,228.5,6,0.31952664256095886,170,30,population,300,suffix,gemma2-9b-131k,30,0.3333,0,14,,3,True
False,100,safety,554.7,4,,170,30,individual,300,replacement,gemma2-9b-131k,10,,0,12,0.1111,1,False
False,200,safety,186.7,3,0.7806451320648193,170,30,population,300,suffix,gemma2-9b-131k,10,-0.8194,0,14,,3,False
True,100,safety,226.7,2,0.3235294117647059,170,30,individual,300,suffix,gemma2-9b-131k,10,,0,14,0.2,1,True
False,200,safety,346.2,5,0.31952664256095886,170,30,population,300,replacement,gemma2-9b-131k,10,0.2205,0,14,,1,True
True,100,safety,530.2,7,0.40588235294117647,170,30,individual,300,replacement,gemma2-9b-131k,10,,0,13,0.22,1,True
False,100,safety,239.3,6,0.8529411764705882,170,30,individual,300,suffix,gemma2-9b-131k,10,,0,14,0.0,1,False
False,100,safety,550.4,0,,170,30,individual,300,replacement,gemma2-9b-131k,10,,0,13,0.08,1,False
False,200,safety,370.5,1,,170,30,population,300,replacement,gemma2-9b-131k,10,-0.712,0,14,,1,False
False,200,safety,202.2,5,0.7222222089767456,170,30,population,300,suffix,gemma2-9b-131k,10,-0.875,0,15,,3,False
False,200,safety,265.7,2,0.3631284832954407,170,30,population,300,suffix,gemma2-9b-131k,30,0.4769,0,15,,3,True
True,100,safety,216.9,0,0.3764705882352941,170,30,individual,300,suffix,gemma2-9b-131k,10,,0,15,0.4,1,True
False,100,safety,217.4,1,0.7823529411764706,170,30,individual,300,suffix,gemma2-9b-131k,10,,0,15,0.2,1,False
False,200,safety,342.4,7,0.3631284832954407,170,30,population,300,replacement,gemma2-9b-131k,10,0.2538,0,15,,1,True
True,100,safety,601.9,4,0.3235294117647059,170,30,individual,300,replacement,gemma2-9b-131k,10,,0,14,0.2182,1,True
False,200,safety,375.6,6,,170,30,population,300,replacement,gemma2-9b-131k,10,-0.7583,0,15,,1,False
False,100,safety,646.9,3,,170,30,individual,300,replacement,gemma2-9b-131k,10,,0,14,0.0364,1,False
False,200,safety,217.5,0,0.4753086566925049,170,30,population,300,suffix,gemma2-9b-131k,30,0.3117,0,16,,3,True
False,200,safety,190.8,1,0.6706587076187134,170,30,population,300,suffix,gemma2-9b-131k,10,-0.7305,0,16,,3,False
True,100,safety,217.6,6,0.4764705882352941,170,30,individual,300,suffix,gemma2-9b-131k,10,,0,16,0.4,1,True
True,100,safety,442.6,5,0.3764705882352941,170,30,individual,300,replacement,gemma2-9b-131k,10,,0,15,0.38,1,True
False,100,safety,231.8,3,0.8764705882352941,170,30,individual,300,suffix,gemma2-9b-131k,10,,0,16,0.0,1,False
False,100,safety,508.6,2,,170,30,individual,300,replacement,gemma2-9b-131k,10,,0,15,0.1,1,False
False,200,safety,391.0,4,,170,30,population,300,replacement,gemma2-9b-131k,10,-0.6846,0,16,,1,False
False,200,safety,426.8,7,0.4753086566925049,170,30,population,300,replacement,gemma2-9b-131k,10,0.2348,0,16,,1,True
False,200,safety,177.9,5,0.7882353067398071,170,30,population,300,suffix,gemma2-9b-131k,10,-0.8353,0,17,,3,False
False,200,safety,228.6,6,0.35393258929252625,170,30,population,300,suffix,gemma2-9b-131k,30,0.1429,0,17,,3,True
True,100,safety,526.5,0,0.4764705882352941,170,30,individual,300,replacement,gemma2-9b-131k,10,,0,16,0.5,1,True
False,100,safety,226.6,7,0.9,170,30,individual,300,suffix,gemma2-9b-131k,10,,0,17,0.2,1,False
True,100,safety,267.9,4,0.36470588235294116,170,30,individual,300,suffix,gemma2-9b-131k,10,,0,17,0.2,1,True
False,200,safety,395.1,3,0.35393258929252625,170,30,population,300,replacement,gemma2-9b-131k,10,0.0965,0,17,,1,True
False,200,safety,393.1,2,,170,30,population,300,replacement,gemma2-9b-131k,10,-0.7149,0,17,,1,False
False,100,safety,699.0,1,,170,30,individual,300,replacement,gemma2-9b-131k,10,,0,16,0.0,1,False
False,200,safety,210.0,7,0.7364864945411682,170,30,population,300,suffix,gemma2-9b-131k,10,-0.7973,0,18,,3,False
False,200,safety,217.7,0,0.36734694242477417,170,30,population,300,suffix,gemma2-9b-131k,30,0.8889,0,18,,3,True
True,100,safety,177.4,2,0.4470588235294118,170,30,individual,300,suffix,gemma2-9b-131k,10,,0,18,1.0,1,True
False,200,safety,266.8,4,0.36734694242477417,170,30,population,300,replacement,gemma2-9b-131k,10,0.6614,0,18,,1,True
False,200,safety,268.5,3,,170,30,population,300,replacement,gemma2-9b-131k,10,-0.7867,0,18,,1,False
False,100,safety,221.0,1,0.7176470588235294,170,30,individual,300,suffix,gemma2-9b-131k,10,,0,18,0.0,1,False
True,100,safety,657.3,5,0.36470588235294116,170,30,individual,300,replacement,gemma2-9b-131k,10,,0,17,0.2308,1,True
True,100,safety,249.0,7,0.4470588235294118,170,30,individual,300,replacement,gemma2-9b-131k,10,,0,18,0.9714,1,True
False,200,safety,196.6,4,0.6882352828979492,170,30,population,300,suffix,gemma2-9b-131k,10,-0.7118,0,19,,3,False
False,200,safety,246.5,2,0.4753086566925049,170,30,population,300,suffix,gemma2-9b-131k,30,0.5195,0,19,,3,True
False,100,safety,737.6,6,,170,30,individual,300,replacement,gemma2-9b-131k,10,,0,17,0.0615,1,False
False,100,safety,400.7,0,,170,30,individual,300,replacement,gemma2-9b-131k,10,,0,18,0.2,1,False
True,100,safety,208.1,5,0.4647058823529412,170,30,individual,300,suffix,gemma2-9b-131k,10,,0,19,0.8,1,True
False,200,safety,377.5,3,0.4753086566925049,170,30,population,300,replacement,gemma2-9b-131k,10,0.2576,0,19,,1,True
False,100,safety,274.6,7,0.6,170,30,individual,300,suffix,gemma2-9b-131k,10,,0,19,0.2,1,False
False,200,safety,375.3,1,,170,30,population,300,replacement,gemma2-9b-131k,10,-0.6627,0,19,,1,False
False,200,safety,255.2,6,0.35625001788139343,170,30,population,300,suffix,gemma2-9b-131k,30,0.5088,0,20,,3,True
False,200,safety,240.7,0,0.6229507923126221,170,30,population,300,suffix,gemma2-9b-131k,10,-0.8361,0,20,,3,False
True,100,safety,418.2,4,0.4647058823529412,170,30,individual,300,replacement,gemma2-9b-131k,10,,0,19,0.6667,1,True
True,100,safety,268.4,7,0.34705882352941175,170,30,individual,300,suffix,gemma2-9b-131k,10,,0,20,0.4,1,True
False,100,safety,227.2,1,0.711764705882353,170,30,individual,300,suffix,gemma2-9b-131k,10,,0,20,0.4,1,False
False,200,safety,483.7,5,0.35625001788139343,170,30,population,300,replacement,gemma2-9b-131k,10,0.2222,0,20,,1,True
False,200,safety,247.1,4,0.5306122303009033,170,30,population,300,suffix,gemma2-9b-131k,30,0.3333,0,21,,3,True
False,200,safety,221.0,7,0.7134146094322205,170,30,population,300,suffix,gemma2-9b-131k,10,-0.7256,0,21,,3,False
False,200,safety,493.8,3,,170,30,population,300,replacement,gemma2-9b-131k,10,-0.6834,0,20,,1,False
False,100,safety,697.5,2,,170,30,individual,300,replacement,gemma2-9b-131k,10,,0,19,0.0167,1,False
True,100,safety,198.8,4,0.5176470588235295,170,30,individual,300,suffix,gemma2-9b-131k,10,,0,21,0.2,1,True
False,200,safety,391.5,1,0.5306122303009033,170,30,population,300,replacement,gemma2-9b-131k,10,0.1026,0,21,,1,True
False,100,safety,256.7,7,0.7529411764705882,170,30,individual,300,suffix,gemma2-9b-131k,10,,0,21,0.4,1,False
False,200,safety,368.6,5,,170,30,population,300,replacement,gemma2-9b-131k,10,-0.622,0,21,,1,False
False,200,safety,177.7,1,0.8445945978164673,170,30,population,300,suffix,gemma2-9b-131k,10,-0.777,0,22,,3,False
False,200,safety,240.2,4,0.37579619884490967,170,30,population,300,suffix,gemma2-9b-131k,30,0.2034,0,22,,3,True
False,100,safety,783.7,0,,170,30,individual,300,replacement,gemma2-9b-131k,10,,0,20,0.3733,1,False
True,100,safety,916.4,6,0.34705882352941175,170,30,individual,300,replacement,gemma2-9b-131k,10,,0,20,0.16,1,True
True,100,safety,216.4,1,0.4235294117647059,170,30,individual,300,suffix,gemma2-9b-131k,10,,0,22,0.2,1,True
False,100,safety,576.3,2,,170,30,individual,300,replacement,gemma2-9b-131k,10,,0,21,0.2667,1,False
True,100,safety,591.1,3,0.5176470588235295,170,30,individual,300,replacement,gemma2-9b-131k,10,,0,21,0.25,1,True
False,100,safety,218.0,4,0.8588235294117647,170,30,individual,300,suffix,gemma2-9b-131k,10,,0,22,0.0,1,False
False,200,safety,385.8,7,0.37579619884490967,170,30,population,300,replacement,gemma2-9b-131k,10,0.1395,0,22,,1,True
False,200,safety,371.3,5,,170,30,population,300,replacement,gemma2-9b-131k,10,-0.7323,0,22,,1,False
False,200,safety,204.0,2,0.797468364238739,170,30,population,300,suffix,gemma2-9b-131k,10,-0.7342,0,23,,3,False
False,200,safety,250.4,1,0.4451219439506531,170,30,population,300,suffix,gemma2-9b-131k,30,0.411,0,23,,3,True
True,100,safety,214.4,7,0.4647058823529412,170,30,individual,300,suffix,gemma2-9b-131k,10,,0,23,0.6,1,True
False,100,safety,236.8,5,0.8352941176470589,170,30,individual,300,suffix,gemma2-9b-131k,10,,0,23,0.0,1,False
False,200,safety,444.9,3,0.4451219439506531,170,30,population,300,replacement,gemma2-9b-131k,10,0.2378,0,23,,1,True
False,200,safety,148.1,5,0.6545454263687134,170,30,population,300,suffix,gemma2-9b-131k,10,-0.7636,0,24,,3,False
False,200,safety,199.5,7,0.36094674468040466,170,30,population,300,suffix,gemma2-9b-131k,30,0.2131,0,24,,3,True
False,200,safety,502.6,4,,170,30,population,300,replacement,gemma2-9b-131k,10,-0.6279,0,23,,1,False
True,100,safety,726.3,0,0.4235294117647059,170,30,individual,300,replacement,gemma2-9b-131k,10,,0,22,0.1385,1,True
True,100,safety,208.1,7,0.36470588235294116,170,30,individual,300,suffix,gemma2-9b-131k,10,,0,24,0.0,1,True
True,100,safety,475.1,2,0.4647058823529412,170,30,individual,300,replacement,gemma2-9b-131k,10,,0,23,0.6857,1,True
False,100,safety,765.7,6,,170,30,individual,300,replacement,gemma2-9b-131k,10,,0,22,0.0,1,False
False,100,safety,215.8,4,0.7352941176470589,170,30,individual,300,suffix,gemma2-9b-131k,10,,0,24,0.0,1,False
False,200,safety,358.4,3,0.36094674468040466,170,30,population,300,replacement,gemma2-9b-131k,10,0.0984,0,24,,1,True
False,200,safety,360.4,5,,170,30,population,300,replacement,gemma2-9b-131k,10,-0.6793,0,24,,1,False
False,200,safety,190.5,6,0.7592592835426331,170,30,population,300,suffix,gemma2-9b-131k,10,-0.8457,0,25,,3,False
False,200,safety,234.3,2,0.5098039507865906,170,30,population,300,suffix,gemma2-9b-131k,30,0.2051,0,25,,3,True
True,100,safety,193.1,5,0.5294117647058824,170,30,individual,300,suffix,gemma2-9b-131k,10,,0,25,0.6,1,True
False,100,safety,823.8,1,,170,30,individual,300,replacement,gemma2-9b-131k,10,,0,23,0.0,1,False
False,100,safety,197.5,6,0.8470588235294118,170,30,individual,300,suffix,gemma2-9b-131k,10,,0,25,0.2,1,False
False,200,safety,413.2,4,0.5098039507865906,170,30,population,300,replacement,gemma2-9b-131k,10,0.1346,0,25,,1,True
False,200,safety,381.6,3,,170,30,population,300,replacement,gemma2-9b-131k,10,-0.6399,0,25,,1,False
True,100,safety,668.8,0,0.36470588235294116,170,30,individual,300,replacement,gemma2-9b-131k,10,,0,24,0.0333,1,True
False,200,safety,163.7,6,0.7628205418586731,170,30,population,300,suffix,gemma2-9b-131k,10,-0.8141,0,26,,3,False
False,200,safety,199.3,1,0.3986928164958954,170,30,population,300,suffix,gemma2-9b-131k,30,0.2623,0,26,,3,True
True,100,safety,387.6,2,0.5294117647058824,170,30,individual,300,replacement,gemma2-9b-131k,10,,0,25,0.6333,1,True
False,100,safety,680.5,7,,170,30,individual,300,replacement,gemma2-9b-131k,10,,0,24,0.0333,1,False
True,100,safety,200.6,0,0.4470588235294118,170,30,individual,300,suffix,gemma2-9b-131k,10,,0,26,0.6,1,True
False,100,safety,219.9,6,0.9117647058823529,170,30,individual,300,suffix,gemma2-9b-131k,10,,0,26,0.0,1,False
False,200,safety,387.3,4,0.3986928164958954,170,30,population,300,replacement,gemma2-9b-131k,10,0.2104,0,26,,1,True
False,200,safety,371.6,3,,170,30,population,300,replacement,gemma2-9b-131k,10,-0.6955,0,26,,1,False
False,200,safety,251.4,7,0.4720497131347656,170,30,population,300,suffix,gemma2-9b-131k,30,0.5,0,27,,3,True
False,200,safety,207.0,0,0.8064516186714172,170,30,population,300,suffix,gemma2-9b-131k,10,-0.7613,0,27,,3,False
False,100,safety,647.5,5,,170,30,individual,300,replacement,gemma2-9b-131k,10,,0,25,0.0167,1,False
True,100,safety,490.7,1,0.4470588235294118,170,30,individual,300,replacement,gemma2-9b-131k,10,,0,26,0.5333,1,True
True,100,safety,204.1,3,0.5,170,30,individual,300,suffix,gemma2-9b-131k,10,,0,27,0.8,1,True
False,100,safety,234.0,7,0.8529411764705882,170,30,individual,300,suffix,gemma2-9b-131k,10,,0,27,0.2,1,False
False,200,safety,183.7,3,0.6557376980781555,170,30,population,300,suffix,gemma2-9b-131k,10,-0.8361,0,28,,3,False
False,200,safety,495.9,6,0.4720497131347656,170,30,population,300,replacement,gemma2-9b-131k,10,0.1763,0,27,,1,True
False,100,safety,678.1,2,,170,30,individual,300,replacement,gemma2-9b-131k,10,,0,26,0.0167,1,False
False,200,safety,245.7,1,0.36986300349235535,170,30,population,300,suffix,gemma2-9b-131k,30,0.6667,0,28,,3,True
False,200,safety,487.0,4,,170,30,population,300,replacement,gemma2-9b-131k,10,-0.6275,0,27,,1,False
True,100,safety,190.3,6,0.32941176470588235,170,30,individual,300,suffix,gemma2-9b-131k,10,,0,28,1.0,1,True
False,100,safety,233.7,2,0.7176470588235294,170,30,individual,300,suffix,gemma2-9b-131k,10,,0,28,0.2,1,False
True,100,safety,308.8,1,0.32941176470588235,170,30,individual,300,replacement,gemma2-9b-131k,10,,0,28,1.0,1,True
True,100,safety,687.6,0,0.5,170,30,individual,300,replacement,gemma2-9b-131k,10,,0,27,0.5733,1,True
False,200,safety,179.3,6,0.3583815097808838,170,30,population,300,suffix,gemma2-9b-131k,30,0.371,0,29,,3,True
False,200,safety,140.1,2,0.7388889193534851,170,30,population,300,suffix,gemma2-9b-131k,10,-0.7833,0,29,,3,False
False,200,safety,561.5,7,0.36986300349235535,170,30,population,300,replacement,gemma2-9b-131k,10,0.4454,0,28,,1,True
True,100,safety,213.5,6,0.36470588235294116,170,30,individual,300,suffix,gemma2-9b-131k,10,,0,29,0.2,1,True
False,100,safety,217.7,2,0.8235294117647058,170,30,individual,300,suffix,gemma2-9b-131k,10,,0,29,0.2,1,False
False,200,safety,296.6,1,0.3583815097808838,170,30,population,300,replacement,gemma2-9b-131k,10,0.2097,0,29,,1,True
False,200,safety,665.5,3,,170,30,population,300,replacement,gemma2-9b-131k,10,-0.5925,0,28,,1,False
False,100,safety,981.3,5,,170,30,individual,300,replacement,gemma2-9b-131k,10,,0,27,0.0133,1,False
False,200,safety,339.8,0,,170,30,population,300,replacement,gemma2-9b-131k,10,-0.7519,0,29,,1,False
False,200,safety,205.3,1,0.8116883039474487,170,30,population,300,suffix,gemma2-9b-131k,10,-0.8117,0,30,,3,False
False,200,safety,242.3,2,0.35260114073753357,170,30,population,300,suffix,gemma2-9b-131k,30,0.5082,0,30,,3,True
True,100,safety,421.0,7,0.36470588235294116,170,30,individual,300,replacement,gemma2-9b-131k,10,,0,29,0.2889,1,True
True,100,safety,256.4,0,0.35294117647058826,170,30,individual,300,suffix,gemma2-9b-131k,10,,0,30,0.0,1,True
False,100,safety,468.1,6,,170,30,individual,300,replacement,gemma2-9b-131k,10,,0,29,0.0889,1,False
False,100,safety,221.2,1,0.8117647058823529,170,30,individual,300,suffix,gemma2-9b-131k,10,,0,30,0.0,1,False
False,200,safety,170.5,0,0.4591194689273834,170,30,population,300,suffix,gemma2-9b-131k,30,0.3836,0,31,,3,True
False,200,safety,158.2,6,0.7891566157341003,170,30,population,300,suffix,gemma2-9b-131k,10,-0.8434,0,31,,3,False
False,200,safety,612.8,3,0.35260114073753357,170,30,population,300,replacement,gemma2-9b-131k,10,0.2523,0,30,,1,True
False,200,safety,223.7,1,0.4591194689273834,170,30,population,300,replacement,gemma2-9b-131k,10,0.2192,0,31,,1,True
False,200,safety,613.1,5,,170,30,population,300,replacement,gemma2-9b-131k,10,-0.706,0,30,,1,False
False,200,safety,215.8,0,,170,30,population,300,replacement,gemma2-9b-131k,10,-0.7186,0,31,,1,False
True,100,safety,156.1,6,0.45294117647058824,170,30,individual,300,suffix,gemma2-9b-131k,10,,0,31,0.6,1,True
False,100,safety,1338.9,4,,170,30,individual,300,replacement,gemma2-9b-131k,10,,0,28,0.0,1,False
False,100,safety,205.6,3,0.7764705882352941,170,30,individual,300,suffix,gemma2-9b-131k,10,,0,31,0.2,1,False
False,200,safety,212.0,6,0.7307692170143127,170,30,population,300,suffix,gemma2-9b-131k,10,-0.8077,0,32,,3,False
True,100,safety,306.1,1,0.45294117647058824,170,30,individual,300,replacement,gemma2-9b-131k,10,,0,31,0.6571,1,True
False,200,safety,279.4,0,0.3353293538093567,170,30,population,300,suffix,gemma2-9b-131k,30,1.1607,0,32,,3,True
False,100,safety,435.1,5,,170,30,individual,300,replacement,gemma2-9b-131k,10,,0,31,0.0286,1,False
True,100,safety,187.0,6,0.34705882352941175,170,30,individual,300,suffix,gemma2-9b-131k,10,,0,32,0.2,1,True
False,100,safety,184.8,1,0.8823529411764706,170,30,individual,300,suffix,gemma2-9b-131k,10,,0,32,0.0,1,False
False,200,safety,412.7,4,0.3353293538093567,170,30,population,300,replacement,gemma2-9b-131k,10,0.1717,0,32,,1,True
False,200,safety,382.8,3,,170,30,population,300,replacement,gemma2-9b-131k,10,-0.7234,0,32,,1,False
False,200,safety,211.7,1,0.7364864945411682,170,30,population,300,suffix,gemma2-9b-131k,10,-0.8243,0,33,,3,False
True,100,safety,1204.0,2,0.35294117647058826,170,30,individual,300,replacement,gemma2-9b-131k,10,,0,30,0.0222,1,True
False,200,safety,294.3,6,0.4370861053466797,170,30,population,300,suffix,gemma2-9b-131k,30,0.5303,0,33,,3,True
False,100,safety,1208.2,7,,170,30,individual,300,replacement,gemma2-9b-131k,10,,0,30,0.0111,1,False
True,100,safety,167.9,1,0.5,170,30,individual,300,suffix,gemma2-9b-131k,10,,0,33,1.0,1,True
True,100,safety,592.5,0,0.34705882352941175,170,30,individual,300,replacement,gemma2-9b-131k,10,,0,32,0.2462,1,True
False,200,safety,475.5,4,0.4370861053466797,170,30,population,300,replacement,gemma2-9b-131k,10,0.4,0,33,,1,True
False,100,safety,253.6,2,0.8058823529411765,170,30,individual,300,suffix,gemma2-9b-131k,10,,0,33,0.0,1,False
False,200,safety,463.8,3,,170,30,population,300,replacement,gemma2-9b-131k,10,-0.7045,0,33,,1,False
False,200,safety,200.7,0,0.6170212626457214,170,30,population,300,suffix,gemma2-9b-131k,10,-0.8404,0,34,,3,False
False,200,safety,264.9,1,0.41333335638046265,170,30,population,300,suffix,gemma2-9b-131k,30,0.3387,0,34,,3,True
True,100,safety,366.5,6,0.5,170,30,individual,300,replacement,gemma2-9b-131k,10,,0,33,0.9467,1,True
False,100,safety,730.3,5,,170,30,individual,300,replacement,gemma2-9b-131k,10,,0,32,0.0154,1,False
True,100,safety,196.0,3,0.38823529411764707,170,30,individual,300,suffix,gemma2-9b-131k,10,,0,34,0.2,1,True
False,100,safety,227.0,0,0.8470588235294118,170,30,individual,300,suffix,gemma2-9b-131k,10,,0,34,0.0,1,False
False,200,safety,353.6,4,0.41333335638046265,170,30,population,300,replacement,gemma2-9b-131k,10,0.151,0,34,,1,True
False,200,safety,351.8,2,,170,30,population,300,replacement,gemma2-9b-131k,10,-0.7132,0,34,,1,False
False,200,safety,243.2,5,0.46285712718963623,170,30,population,300,suffix,gemma2-9b-131k,30,0.2222,0,35,,3,True
False,200,safety,192.9,3,0.7516778707504272,170,30,population,300,suffix,gemma2-9b-131k,10,-0.745,0,35,,3,False
True,100,safety,163.5,2,0.4588235294117647,170,30,individual,300,suffix,gemma2-9b-131k,10,,0,35,0.8,1,True
False,100,safety,197.4,5,0.8235294117647058,170,30,individual,300,suffix,gemma2-9b-131k,10,,0,35,0.0,1,False
False,200,safety,348.5,0,0.46285712718963623,170,30,population,300,replacement,gemma2-9b-131k,10,0.156,0,35,,1,True
True,100,safety,563.7,1,0.38823529411764707,170,30,individual,300,replacement,gemma2-9b-131k,10,,0,34,0.2182,1,True
False,200,safety,347.6,4,,170,30,population,300,replacement,gemma2-9b-131k,10,-0.7511,0,35,,1,False
True,100,safety,344.9,3,0.4588235294117647,170,30,individual,300,replacement,gemma2-9b-131k,10,,0,35,0.7091,1,True
False,100,safety,985.5,7,,170,30,individual,300,replacement,gemma2-9b-131k,10,,0,33,0.0267,1,False
False,200,safety,180.5,5,0.44516128301620483,170,30,population,300,suffix,gemma2-9b-131k,30,0.6812,0,36,,3,True
False,100,safety,706.3,6,,170,30,individual,300,replacement,gemma2-9b-131k,10,,0,34,0.0,1,False
False,200,safety,189.6,0,0.8132529854774475,170,30,population,300,suffix,gemma2-9b-131k,10,-0.7289,0,36,,3,False
True,100,safety,228.8,3,0.4470588235294118,170,30,individual,300,suffix,gemma2-9b-131k,10,,0,36,0.4,1,True
False,100,safety,251.3,7,0.8588235294117647,170,30,individual,300,suffix,gemma2-9b-131k,10,,0,36,0.2,1,False
False,200,safety,366.5,1,0.44516128301620483,170,30,population,300,replacement,gemma2-9b-131k,10,0.2258,0,36,,1,True
False,200,safety,365.7,4,,170,30,population,300,replacement,gemma2-9b-131k,10,-0.6998,0,36,,1,False
False,100,safety,577.6,2,,170,30,individual,300,replacement,gemma2-9b-131k,10,,0,35,0.0727,1,False
False,200,safety,229.5,0,0.5106382966041565,170,30,population,300,suffix,gemma2-9b-131k,30,0.2778,0,37,,3,True
False,200,safety,175.0,3,0.8192770481109619,170,30,population,300,suffix,gemma2-9b-131k,10,-0.6807,0,37,,3,False
True,100,safety,215.4,4,0.4647058823529412,170,30,individual,300,suffix,gemma2-9b-131k,10,,0,37,0.4,1,True
False,100,safety,274.2,2,0.8,170,30,individual,300,suffix,gemma2-9b-131k,10,,0,37,0.2,1,False
False,200,safety,380.6,7,0.5106382966041565,170,30,population,300,replacement,gemma2-9b-131k,10,0.1464,0,37,,1,True
False,200,safety,407.7,1,,170,30,population,300,replacement,gemma2-9b-131k,10,-0.7354,0,37,,1,False
False,200,safety,196.0,4,0.380952388048172,170,30,population,300,suffix,gemma2-9b-131k,30,0.375,0,38,,3,True
True,100,safety,686.4,5,0.4470588235294118,170,30,individual,300,replacement,gemma2-9b-131k,10,,0,36,0.1167,1,True
False,100,safety,687.4,6,,170,30,individual,300,replacement,gemma2-9b-131k,10,,0,36,0.05,1,False
False,200,safety,174.7,2,0.8222222328186035,170,30,population,300,suffix,gemma2-9b-131k,10,-0.8,0,38,,3,False
True,100,safety,230.7,4,0.38823529411764707,170,30,individual,300,suffix,gemma2-9b-131k,10,,0,38,0.0,1,True
True,100,safety,617.7,0,0.4647058823529412,170,30,individual,300,replacement,gemma2-9b-131k,10,,0,37,0.3692,1,True
False,100,safety,273.2,5,0.9,170,30,individual,300,suffix,gemma2-9b-131k,10,,0,38,0.2,1,False
False,200,safety,373.1,7,0.380952388048172,170,30,population,300,replacement,gemma2-9b-131k,10,0.1478,0,38,,1,True
False,100,safety,662.6,3,,170,30,individual,300,replacement,gemma2-9b-131k,10,,0,37,0.2,1,False
False,200,safety,414.3,1,,170,30,population,300,replacement,gemma2-9b-131k,10,-0.7338,0,38,,1,False
False,200,safety,190.4,0,0.8315789699554443,170,30,population,300,suffix,gemma2-9b-131k,10,-0.7579,0,39,,3,False
False,200,safety,231.0,4,0.3030302822589874,170,30,population,300,suffix,gemma2-9b-131k,30,0.46,0,39,,3,True
True,100,safety,229.5,3,0.3,170,30,individual,300,suffix,gemma2-9b-131k,10,,0,39,0.2,1,True
False,100,safety,263.6,1,0.8941176470588236,170,30,individual,300,suffix,gemma2-9b-131k,10,,0,39,0.0,1,False
False,200,safety,449.5,7,,170,30,population,300,replacement,gemma2-9b-131k,10,-0.703,0,39,,1,False
False,200,safety,486.5,5,0.3030302822589874,170,30,population,300,replacement,gemma2-9b-131k,10,0.3543,0,39,,1,True
False,200,safety,196.9,3,0.33695653080940247,170,30,population,300,suffix,gemma2-9b-131k,30,0.2742,0,40,,3,True
False,100,safety,721.8,2,,170,30,individual,300,replacement,gemma2-9b-131k,10,,0,38,0.0923,1,False
True,100,safety,767.7,6,0.38823529411764707,170,30,individual,300,replacement,gemma2-9b-131k,10,,0,38,0.0,1,True
False,200,safety,159.8,1,0.782608687877655,170,30,population,300,suffix,gemma2-9b-131k,10,-0.7267,0,40,,3,False
True,100,safety,224.0,3,0.35294117647058826,170,30,individual,300,suffix,gemma2-9b-131k,10,,0,40,0.2,1,True
False,100,safety,229.6,2,0.7411764705882353,170,30,individual,300,suffix,gemma2-9b-131k,10,,0,40,0.4,1,False
False,200,safety,141.8,2,0.7947019934654236,170,30,population,300,suffix,gemma2-9b-131k,10,-0.8344,0,41,,3,False
False,200,safety,187.4,3,0.40123456716537476,170,30,population,300,suffix,gemma2-9b-131k,30,0.4769,0,41,,3,True
True,100,safety,819.5,0,0.3,170,30,individual,300,replacement,gemma2-9b-131k,10,,0,39,0.0857,1,True
False,200,safety,553.6,7,0.33695653080940247,170,30,population,300,replacement,gemma2-9b-131k,10,0.166,0,40,,1,True
False,200,safety,546.4,5,,170,30,population,300,replacement,gemma2-9b-131k,10,-0.7037,0,40,,1,False
False,100,safety,850.4,4,,170,30,individual,300,replacement,gemma2-9b-131k,10,,0,39,0.0143,1,False
True,100,safety,196.7,0,0.4294117647058823,170,30,individual,300,suffix,gemma2-9b-131k,10,,0,41,0.6,1,True
False,200,safety,323.6,2,0.40123456716537476,170,30,population,300,replacement,gemma2-9b-131k,10,0.2369,0,41,,1,True
False,100,safety,211.0,7,0.788235294117647,170,30,individual,300,suffix,gemma2-9b-131k,10,,0,41,0.0,1,False
False,200,safety,354.2,3,,170,30,population,300,replacement,gemma2-9b-131k,10,-0.6828,0,41,,1,False
False,200,safety,195.2,0,0.4000000059604645,170,30,population,300,suffix,gemma2-9b-131k,30,0.2321,0,42,,3,True
True,100,safety,349.1,5,0.4294117647058823,170,30,individual,300,replacement,gemma2-9b-131k,10,,0,41,0.62,1,True
False,200,safety,182.4,2,0.8125,170,30,population,300,suffix,gemma2-9b-131k,10,-0.7898,0,42,,3,False
True,100,safety,1007.9,6,0.35294117647058826,170,30,individual,300,replacement,gemma2-9b-131k,10,,0,40,0.2,1,True
False,100,safety,546.8,4,,170,30,individual,300,replacement,gemma2-9b-131k,10,,0,41,0.04,1,False
True,100,safety,203.8,0,0.3411764705882353,170,30,individual,300,suffix,gemma2-9b-131k,10,,0,42,0.4,1,True
False,100,safety,207.4,5,0.8764705882352941,170,30,individual,300,suffix,gemma2-9b-131k,10,,0,42,0.2,1,False
False,200,safety,358.1,7,0.4000000059604645,170,30,population,300,replacement,gemma2-9b-131k,10,0.1234,0,42,,1,True
False,200,safety,395.4,3,,170,30,population,300,replacement,gemma2-9b-131k,10,-0.7588,0,42,,1,False
False,100,safety,1121.5,1,,170,30,individual,300,replacement,gemma2-9b-131k,10,,0,40,0.1176,1,False
False,200,safety,188.9,0,0.7124183177947998,170,30,population,300,suffix,gemma2-9b-131k,10,-0.8301,0,43,,3,False
False,200,safety,218.2,4,0.36305731534957886,170,30,population,300,suffix,gemma2-9b-131k,30,0.7018,0,43,,3,True
True,100,safety,220.9,3,0.4117647058823529,170,30,individual,300,suffix,gemma2-9b-131k,10,,0,43,0.4,1,True
True,100,safety,482.7,2,0.3411764705882353,170,30,individual,300,replacement,gemma2-9b-131k,10,,0,42,0.3636,1,True
False,100,safety,260.0,1,0.8588235294117647,170,30,individual,300,suffix,gemma2-9b-131k,10,,0,43,0.0,1,False
False,200,safety,357.1,5,0.36305731534957886,170,30,population,300,replacement,gemma2-9b-131k,10,0.3493,0,43,,1,True
False,200,safety,358.7,7,,170,30,population,300,replacement,gemma2-9b-131k,10,-0.6726,0,43,,1,False
False,200,safety,193.5,2,0.8012048006057739,170,30,population,300,suffix,gemma2-9b-131k,10,-0.8012,0,44,,3,False
False,200,safety,243.9,3,0.42953020334243774,170,30,population,300,suffix,gemma2-9b-131k,30,0.4844,0,44,,3,True
True,100,safety,202.8,7,0.40588235294117647,170,30,individual,300,suffix,gemma2-9b-131k,10,,0,44,0.8,1,True
False,100,safety,610.2,6,,170,30,individual,300,replacement,gemma2-9b-131k,10,,0,42,0.0364,1,False
False,100,safety,207.4,2,0.8529411764705882,170,30,individual,300,suffix,gemma2-9b-131k,10,,0,44,0.2,1,False
False,200,safety,390.3,5,,170,30,population,300,replacement,gemma2-9b-131k,10,-0.6566,0,44,,1,False
True,100,safety,563.0,0,0.4117647058823529,170,30,individual,300,replacement,gemma2-9b-131k,10,,0,43,0.2727,1,True
False,200,safety,429.4,1,0.42953020334243774,170,30,population,300,replacement,gemma2-9b-131k,10,0.3607,0,44,,1,True
False,200,safety,214.7,6,0.34193548560142517,170,30,population,300,suffix,gemma2-9b-131k,30,0.4151,0,45,,3,True
False,100,safety,635.5,4,,170,30,individual,300,replacement,gemma2-9b-131k,10,,0,43,0.0182,1,False
False,200,safety,161.1,2,0.6812500357627869,170,30,population,300,suffix,gemma2-9b-131k,10,-0.75,0,45,,3,False
True,100,safety,352.9,3,0.40588235294117647,170,30,individual,300,replacement,gemma2-9b-131k,10,,0,44,0.7667,1,True
True,100,safety,225.9,1,0.3764705882352941,170,30,individual,300,suffix,gemma2-9b-131k,10,,0,45,0.0,1,True
False,100,safety,220.9,6,0.8235294117647058,170,30,individual,300,suffix,gemma2-9b-131k,10,,0,45,0.0,1,False
False,200,safety,275.3,3,0.3571428656578064,170,30,population,300,suffix,gemma2-9b-131k,30,0.3833,0,46,,3,True
False,200,safety,183.8,1,0.800000011920929,170,30,population,300,suffix,gemma2-9b-131k,10,-0.7611,0,46,,3,False
False,100,safety,642.5,7,,170,30,individual,300,replacement,gemma2-9b-131k,10,,0,44,0.05,1,False
False,200,safety,484.9,0,,170,30,population,300,replacement,gemma2-9b-131k,10,-0.5949,0,45,,1,False
False,200,safety,485.3,5,0.34193548560142517,170,30,population,300,replacement,gemma2-9b-131k,10,0.0991,0,45,,1,True
False,200,safety,311.7,6,0.3571428656578064,170,30,population,300,replacement,gemma2-9b-131k,10,0.135,0,46,,1,True
True,100,safety,243.6,1,0.3588235294117647,170,30,individual,300,suffix,gemma2-9b-131k,10,,0,46,0.0,1,True
False,100,safety,246.4,7,0.8823529411764706,170,30,individual,300,suffix,gemma2-9b-131k,10,,0,46,0.2,1,False
False,200,safety,328.1,3,,170,30,population,300,replacement,gemma2-9b-131k,10,-0.7689,0,46,,1,False
False,200,safety,226.0,6,0.33908045291900635,170,30,population,300,suffix,gemma2-9b-131k,30,0.661,0,47,,3,True
False,200,safety,200.1,1,0.8022598624229431,170,30,population,300,suffix,gemma2-9b-131k,10,-0.8192,0,47,,3,False
True,100,safety,189.1,6,0.3352941176470588,170,30,individual,300,suffix,gemma2-9b-131k,10,,0,47,0.6,1,True
False,100,safety,519.5,5,,170,30,individual,300,replacement,gemma2-9b-131k,10,,0,46,0.2,1,False
False,100,safety,175.0,1,0.8235294117647058,170,30,individual,300,suffix,gemma2-9b-131k,10,,0,47,0.4,1,False
True,100,safety,579.3,0,0.3588235294117647,170,30,individual,300,replacement,gemma2-9b-131k,10,,0,46,0.02,1,True
True,100,safety,1017.4,4,0.3764705882352941,170,30,individual,300,replacement,gemma2-9b-131k,10,,0,45,0.0375,1,True
False,100,safety,1018.6,2,,170,30,individual,300,replacement,gemma2-9b-131k,10,,0,45,0.0,1,False
False,200,safety,528.2,7,0.33908045291900635,170,30,population,300,replacement,gemma2-9b-131k,10,0.1917,0,47,,1,True
False,200,safety,506.9,3,,170,30,population,300,replacement,gemma2-9b-131k,10,-0.7037,0,47,,1,False
False,200,safety,215.6,0,0.6728395223617554,170,30,population,300,suffix,gemma2-9b-131k,10,-0.7901,0,48,,3,False
False,200,safety,228.8,1,0.3109756112098694,170,30,population,300,suffix,gemma2-9b-131k,30,0.9216,0,48,,3,True
False,200,safety,280.1,4,0.3109756112098694,170,30,population,300,replacement,gemma2-9b-131k,10,0.5574,0,48,,1,True
False,200,safety,273.0,2,,170,30,population,300,replacement,gemma2-9b-131k,10,-0.7055,0,48,,1,False
False,100,safety,223.9,3,0.6294117647058823,170,30,individual,300,suffix,gemma2-9b-131k,10,,0,48,0.2,1,False
True,100,safety,247.2,7,0.3352941176470588,170,30,individual,300,suffix,gemma2-9b-131k,10,,0,48,1.0,1,True
True,100,safety,255.0,0,0.3352941176470588,170,30,individual,300,replacement,gemma2-9b-131k,10,,0,48,0.8857,1,True
False,200,safety,190.7,2,0.6748465895652771,170,30,population,300,suffix,gemma2-9b-131k,10,-0.773,0,49,,3,False
False,200,safety,256.2,4,0.3452380895614624,170,30,population,300,suffix,gemma2-9b-131k,30,0.2759,0,49,,3,True
True,100,safety,690.6,6,0.3352941176470588,170,30,individual,300,replacement,gemma2-9b-131k,10,,0,47,0.425,1,True
False,100,safety,409.4,1,,170,30,individual,300,replacement,gemma2-9b-131k,10,,0,48,0.0286,1,False
True,100,safety,189.8,0,0.35294117647058826,170,30,individual,300,suffix,gemma2-9b-131k,10,,0,49,0.6,1,True
False,100,safety,214.1,2,0.6294117647058823,170,30,individual,300,suffix,gemma2-9b-131k,10,,0,49,0.0,1,False
False,200,safety,366.6,7,,170,30,population,300,replacement,gemma2-9b-131k,10,-0.6702,0,49,,1,False
False,200,safety,370.4,3,0.3452380895614624,170,30,population,300,replacement,gemma2-9b-131k,10,0.1897,0,49,,1,True
False,100,safety,876.1,5,,170,30,individual,300,replacement,gemma2-9b-131k,10,,0,47,0.1875,1,False
True,100,safety,559.2,4,0.35294117647058826,170,30,individual,300,replacement,gemma2-9b-131k,10,,0,49,0.3833,1,True
False,100,safety,673.0,6,,170,30,individual,300,replacement,gemma2-9b-131k,10,,0,49,0.0167,1,False
